location_ID,City,Country
City-30,New York,USA
City-47,London,UK
City-6,Paris,France
City-34,Tokyo,Japan
City-1,Berlin,Germany
City-7,Sydney,Australia
City-46,Toronto,Canada
City-45,Dubai,UAE
City-25,Rome,Italy
City-29,Mexico City,Mexico
City-19,Sao Paulo,Brazil
City-13,Moscow,Russia
City-4,Cairo,Egypt
City-17,Bangkok,Thailand
City-35,Buenos Aires,Argentina
City-40,Lagos,Nigeria
City-38,Madrid,Spain
City-22,Seoul,South Korea
City-39,Istanbul,Turkey
City-10,Amsterdam,Netherlands
City-15,Hong Kong,China
City-44,Athens,Greece
City-27,Lisbon,Portugal
City-37,Vienna,Austria
City-50,Stockholm,Sweden
City-18,Zurich,Switzerland
City-31,Brussels,Belgium
City-14,Kuala Lumpur,Malaysia
City-41,Jakarta,Indonesia
City-20,Warsaw,Poland
City-33,Lima,Peru
City-26,Nairobi,Kenya
City-48,Oslo,Norway
City-43,Helsinki,Finland
City-21,Manila,Philippines
City-11,Riyadh,Saudi Arabia
City-5,Tel Aviv,Israel
City-3,Cape Town,South Africa
City-2,Auckland,New Zealand
City-9,Singapore,Singapore
City-24,Budapest,Hungary
City-32,Prague,Czech Republic
City-49,Dublin,Ireland
City-28,Bogota,Colombia
City-16,Brisbane,Australia
City-23,Beijing,China
City-12,Seville,Spain
City-42,Munich,Germany
City-36,Vancouver,Canada
City-8,Osaka,Japan
