﻿merchant_id,purchase_category
2027,Gas Station
2053,Online Shopping
2035,Gas Station
2037,Travel
2083,Retail
2021,Gas Station
2033,Online Shopping
2088,Travel
2077,Groceries
2031,Restaurant
2052,Retail
2015,Restaurant
2020,Gas Station
2025,Retail
2004,Retail
2032,Online Shopping
2040,Restaurant
2060,Travel
2063,Groceries
2072,Groceries
2056,Retail
2055,Online Shopping
2005,Groceries
2026,Travel
2018,Groceries
2034,Gas Station
2036,Online Shopping
2085,Retail
2071,Gas Station
2023,Online Shopping
2006,Restaurant
2093,Travel
2003,Online Shopping
2008,Online Shopping
2011,Restaurant
2041,Gas Station
2078,Online Shopping
2039,Groceries
2009,Restaurant
2047,Online Shopping
2086,Retail
2012,Groceries
2051,Retail
2074,Groceries
2095,Groceries
2065,Retail
2016,Retail
2067,Groceries
2075,Restaurant
2100,Online Shopping
2068,Gas Station
2064,Restaurant
2099,Groceries
2043,Retail
2050,Gas Station
2096,Online Shopping
2028,Restaurant
2019,Gas Station
2014,Travel
2057,Online Shopping
2076,Groceries
2069,Restaurant
2048,Groceries
2090,Retail
2070,Retail
2061,Travel
2092,Retail
2007,Online Shopping
2089,Retail
2082,Restaurant
2002,Groceries
2097,Groceries
2081,Groceries
2013,Groceries
2046,Travel
2054,Gas Station
2094,Retail
2042,Restaurant
2059,Retail
2098,Retail
2024,Travel
2001,Retail
2084,Groceries
2017,Travel
2058,Gas Station
2062,Retail
2049,Online Shopping
2029,Travel
2079,Travel
2030,Restaurant
2022,Travel
2080,Online Shopping
2073,Online Shopping
2087,Travel
2038,Gas Station
2091,Groceries
2010,Groceries
2044,Online Shopping
2045,Gas Station
2066,Travel
